record_id,snapshot_ts,region,category,price,quantity,score,status
REC-1000,2025-01-02 09:00:00,US,Core,103.65,52,79.77,active
REC-1001,2025-01-02 11:00:00,Europe,Core,94.49,1115,67.24,active
REC-1002,2025-01-02 13:00:00,Europe,Core,124.93,3086,77.98,paused
REC-1003,2025-01-02 15:00:00,US,Growth,114.47,985,72.83,active
REC-1004,2025-01-02 17:00:00,US,Core,115.94,2477,74.2,active
REC-1005,2025-01-02 19:00:00,Asia,Core,,3137,72.81,active
REC-1006,2025-01-02 21:00:00,US,Income,113.73,663,61.34,active
REC-1007,2025-01-02 23:00:00,US,Core,82.0,1657,54.78,paused
REC-1008,2025-01-03 01:00:00,Asia,Core,96.02,1510,82.03,active
REC-1009,2025-01-03 03:00:00,Europe,Core,118.29,3221,69.81,active
REC-1010,2025-01-03 05:00:00,US,Thematic,89.94,2044,74.44,active
REC-1011,2025-01-03 07:00:00,Europe,Income,102.83,1648,66.2,paused
REC-1012,2025-01-03 09:00:00,Europe,Income,108.6,1126,49.04,active
REC-1013,2025-01-03 11:00:00,US,Thematic,125.3,3288,57.25,active
REC-1014,2025-01-03 13:00:00,US,Core,123.01,464,86.64,active
REC-1015,2025-01-03 15:00:00,Europe,Thematic,116.61,3208,62.66,active
REC-1016,2025-01-03 17:00:00,Europe,Core,99.25,2160,67.08,active
REC-1017,2025-01-03 19:00:00,Europe,Growth,116.86,1988,55.15,paused
REC-1018,2025-01-03 21:00:00,Asia,Income,,1836,65.48,active
REC-1019,2025-01-03 23:00:00,Europe,Income,99.63,2753,,active
REC-1020,2025-01-04 01:00:00,Asia,Core,123.94,696,68.85,paused
REC-1021,2025-01-04 03:00:00,US,Growth,110.13,1008,70.47,active
REC-1022,2025-01-04 05:00:00,Europe,Core,,853,64.33,active
REC-1023,2025-01-04 07:00:00,Europe,Core,122.47,408,64.96,active
REC-1024,2025-01-04 09:00:00,US,Thematic,98.13,95,71.12,active
REC-1025,2025-01-04 11:00:00,Europe,Thematic,111.7,2116,74.82,active
REC-1026,2024-11-15 09:00:00,US,Growth,77.81,2179,69.7,active
REC-1027,2025-01-04 15:00:00,Asia,Income,101.89,197,90.43,paused
REC-1028,2025-01-04 17:00:00,Asia,Thematic,87.05,2168,73.52,active
REC-1029,2025-01-04 19:00:00,US,Core,86.62,1638,73.03,active
REC-1030,2024-11-15 09:00:00,Europe,Thematic,71.61,1804,,closed
REC-1031,2025-01-04 23:00:00,US,Growth,136.47,2171,82.55,active
REC-1032,2025-01-05 01:00:00,US,Core,99.77,1990,59.99,paused
REC-1033,2025-01-05 03:00:00,Asia,Growth,105.98,2687,53.45,active
REC-1034,2025-01-05 05:00:00,US,Growth,119.9,3364,60.51,active
REC-1035,2025-01-05 07:00:00,US,Income,100.22,3138,78.05,active
REC-1036,2025-01-05 09:00:00,Europe,Income,110.38,1212,58.65,active
REC-1037,2025-01-05 11:00:00,US,Core,80.41,718,85.46,active
REC-1038,2025-01-05 13:00:00,Asia,Income,105.3,952,70.98,active
REC-1039,2025-01-05 15:00:00,US,Thematic,95.53,3029,54.55,paused
REC-1040,2025-01-05 17:00:00,US,Income,110.16,1246,68.71,active
REC-1041,2025-01-05 19:00:00,US,Thematic,105.05,1739,90.84,active
REC-1042,2025-01-05 21:00:00,US,Growth,79.98,364,61.76,active
REC-1043,2025-01-05 23:00:00,Europe,Income,,2181,56.81,active
REC-1044,2025-01-06 01:00:00,Asia,Core,85.9,1524,76.85,active
REC-1045,2025-01-06 03:00:00,Europe,Thematic,113.93,1619,85.59,active
REC-1046,2025-01-06 05:00:00,US,Growth,108.94,2375,82.39,active
REC-1047,2025-01-06 07:00:00,US,Thematic,108.58,2968,67.6,active
REC-1048,2025-01-06 09:00:00,US,Core,69.82,1917,73.28,paused
REC-1049,2025-01-06 11:00:00,Asia,Growth,59.1,1053,74.79,paused
REC-1050,2025-01-06 13:00:00,US,Income,,1132,84.13,closed
REC-1051,2024-11-15 09:00:00,Europe,Income,96.79,33,94.85,active
REC-1052,2025-01-06 17:00:00,US,Growth,92.45,3303,70.03,closed
REC-1053,2025-01-06 19:00:00,US,Thematic,107.78,2903,85.5,closed
REC-1054,2025-01-06 21:00:00,Asia,Core,99.36,568,67.43,active
REC-1055,2025-01-06 23:00:00,Europe,Core,83.12,2317,77.69,active
REC-1056,2025-01-07 01:00:00,US,Growth,88.01,1987,60.95,active
REC-1057,2025-01-07 03:00:00,US,Thematic,104.37,2509,62.81,active
REC-1058,2025-01-07 05:00:00,US,Income,103.24,465,75.78,active
REC-1059,2025-01-07 07:00:00,US,Core,100.88,439,61.35,active
REC-1060,2024-11-15 09:00:00,US,Core,138.35,2406,80.97,closed
REC-1061,2025-01-07 11:00:00,Asia,Growth,97.86,725,65.16,active
REC-1062,2025-01-07 13:00:00,Europe,Growth,103.98,1883,72.06,closed
REC-1063,2025-01-07 15:00:00,US,Growth,86.12,2190,70.29,active
REC-1064,2025-01-07 17:00:00,Europe,Growth,96.3,3339,67.54,active
REC-1065,2025-01-07 19:00:00,US,Core,110.43,2616,72.65,active
REC-1066,2025-01-07 21:00:00,US,Thematic,111.11,3187,83.08,active
REC-1067,2025-01-07 23:00:00,Europe,Core,99.51,2315,105.37,active
REC-1068,2024-11-15 09:00:00,Asia,Core,108.35,2282,58.16,active
REC-1069,2025-01-08 03:00:00,US,Growth,102.91,2088,74.51,paused
REC-1070,2025-01-08 05:00:00,Asia,Thematic,71.92,2736,69.28,closed
REC-1071,2025-01-08 07:00:00,US,Core,49.61,2293,61.17,active
REC-1072,2025-01-08 09:00:00,US,Core,138.98,2881,74.36,closed
REC-1073,2025-01-08 11:00:00,US,Thematic,115.29,521,61.55,active
REC-1074,2025-01-08 13:00:00,US,Growth,101.09,183,70.35,active
REC-1075,2025-01-08 15:00:00,Europe,Income,74.19,1580,84.85,paused
REC-1076,2025-01-08 17:00:00,Europe,Core,81.59,2812,48.98,active
REC-1077,2025-01-08 19:00:00,Asia,Thematic,123.69,1156,73.94,paused
REC-1078,2025-01-08 21:00:00,US,Core,57.39,-1,76.13,paused
REC-1079,2025-01-08 23:00:00,US,Core,96.81,2578,60.68,active
REC-1080,2025-01-09 01:00:00,US,Income,115.9,2726,76.98,closed
REC-1081,2025-01-09 03:00:00,Asia,Thematic,104.29,1813,75.08,active
REC-1082,2025-01-09 05:00:00,Asia,Thematic,114.08,3140,67.37,active
REC-1083,2025-01-09 07:00:00,US,,99.9,2521,84.55,paused
REC-1084,2025-01-09 09:00:00,US,Thematic,140.3,2031,56.83,active
REC-1085,2025-01-09 11:00:00,US,,85.55,2433,78.29,active
REC-1086,2025-01-09 13:00:00,Europe,Growth,80.2,2038,68.64,closed
REC-1087,2025-01-09 15:00:00,US,Core,106.39,3168,59.59,active
REC-1088,2025-01-09 17:00:00,US,Income,124.87,2237,69.26,paused
REC-1089,2025-01-09 19:00:00,US,Growth,101.11,2997,67.37,paused
REC-1090,2025-01-09 21:00:00,US,Core,118.78,2980,80.22,active
REC-1091,2025-01-09 23:00:00,Asia,Growth,93.51,185,54.76,active
REC-1092,2025-01-10 01:00:00,Europe,Core,83.04,1036,69.07,active
REC-1093,2025-01-10 03:00:00,Europe,Core,124.4,2338,66.2,active
REC-1094,2025-01-10 05:00:00,Europe,Core,127.1,2331,88.51,closed
REC-1095,2025-01-10 07:00:00,Europe,Growth,126.53,1310,58.91,active
REC-1096,2025-01-10 09:00:00,Europe,Income,94.99,2899,82.85,closed
REC-1097,2025-01-10 11:00:00,Asia,Thematic,,357,51.88,active
REC-1098,2025-01-10 13:00:00,US,Income,83.29,1361,74.98,active
REC-1099,2025-01-10 15:00:00,Europe,Thematic,98.41,1676,69.69,active
REC-1100,2025-01-10 17:00:00,US,Income,111.32,496,75.33,paused
REC-1101,2025-01-10 19:00:00,US,Income,110.15,2952,63.44,closed
REC-1102,2025-01-10 21:00:00,Europe,Growth,,170,49.7,active
REC-1103,2025-01-10 23:00:00,Asia,Core,105.12,2788,54.16,active
REC-1104,2025-01-11 01:00:00,Europe,Core,102.28,3154,85.58,paused
REC-1105,2025-01-11 03:00:00,US,Income,103.44,374,73.48,active
REC-1106,2025-01-11 05:00:00,US,Core,101.62,1537,61.61,active
REC-1107,2025-01-11 07:00:00,US,Income,98.77,712,81.01,paused
REC-1108,2025-01-11 09:00:00,Asia,Growth,111.49,2963,62.91,active
REC-1109,2025-01-11 11:00:00,US,Core,104.03,2433,62.97,paused
REC-1110,2025-01-11 13:00:00,US,,105.61,1089,57.74,unknown
REC-1111,2025-01-11 15:00:00,US,Growth,90.95,3388,84.03,active
REC-1112,2025-01-11 17:00:00,US,Core,108.33,693,92.66,paused
REC-1113,2025-01-11 19:00:00,Asia,Core,100.06,274,60.46,active
REC-1114,2025-01-11 21:00:00,Europe,Core,68.16,1441,74.24,active
REC-1115,2024-11-15 09:00:00,US,Growth,109.74,315,,active
REC-1116,2025-01-12 01:00:00,Europe,Income,97.77,2038,94.31,closed
REC-1117,2025-01-12 03:00:00,US,Core,116.82,2436,44.65,active
REC-1118,2025-01-12 05:00:00,Europe,Growth,99.41,3072,72.57,active
REC-1119,2025-01-12 07:00:00,US,Growth,100.47,2157,,active
REC-1120,2025-01-12 09:00:00,US,Thematic,105.39,139,54.73,active
REC-1121,2025-01-12 11:00:00,US,Core,485.75999999999993,2839,75.48,closed
REC-1122,2025-01-12 13:00:00,Europe,Core,94.85,1766,73.16,active
REC-1123,2025-01-12 15:00:00,Europe,Core,73.31,697,78.94,closed
REC-1124,2025-01-12 17:00:00,US,Core,131.48,2232,64.57,unknown
REC-1125,2025-01-12 19:00:00,Europe,Core,76.74,1732,75.57,active
REC-1126,2025-01-12 21:00:00,US,Core,96.54,1295,64.31,paused
REC-1127,2025-01-12 23:00:00,US,Core,112.45,2804,77.63,active
REC-1128,2025-01-13 01:00:00,US,Core,108.08,2209,72.7,paused
REC-1129,2025-01-13 03:00:00,US,Growth,111.08,1341,66.81,paused
REC-1130,2025-01-13 05:00:00,Asia,Income,114.31,2864,55.39,active
REC-1131,2025-01-13 07:00:00,US,Growth,122.21,1401,89.08,active
REC-1132,2025-01-13 09:00:00,US,Core,106.76,3216,83.15,active
REC-1133,2025-01-13 11:00:00,Europe,Core,148.51,119,80.63,active
REC-1134,2025-01-13 13:00:00,Asia,Core,85.79,1529,63.64,active
REC-1135,2025-01-13 15:00:00,Asia,Core,105.64,2793,67.1,closed
REC-1136,2025-01-13 17:00:00,Europe,Growth,96.23,1923,89.32,active
REC-1137,2025-01-13 19:00:00,US,Thematic,93.28,1565,79.14,active
REC-1138,2025-01-13 21:00:00,Asia,Income,106.6,1768,61.58,active
REC-1139,2025-01-13 23:00:00,Europe,Core,125.33,1326,71.47,active
REC-1140,2025-01-14 01:00:00,US,Core,90.64,-7,72.52,paused
REC-1141,2025-01-14 03:00:00,Europe,Core,90.62,2295,68.77,paused
REC-1142,2025-01-14 05:00:00,US,Growth,113.59,3377,60.59,paused
REC-1143,2025-01-14 07:00:00,Asia,Growth,110.7,2986,84.78,active
REC-1144,2025-01-14 09:00:00,Europe,Income,133.32,3438,77.47,paused
REC-1145,2025-01-14 11:00:00,Asia,Core,118.45,3032,68.82,active
REC-1146,2025-01-14 13:00:00,Europe,Core,105.67,1582,53.7,active
REC-1147,2025-01-14 15:00:00,US,Income,96.73,1201,64.59,active
REC-1148,2025-01-14 17:00:00,Europe,Growth,105.44,-6,70.97,active
REC-1149,2025-01-14 19:00:00,US,Growth,99.2,2130,80.57,active
REC-1150,2025-01-14 21:00:00,US,Thematic,80.16,1374,66.97,active
REC-1151,2025-01-14 23:00:00,US,Core,485.75999999999993,1359,83.24,active
REC-1152,2025-01-15 01:00:00,Europe,Core,99.2,2483,72.6,active
REC-1153,2025-01-15 03:00:00,US,Growth,98.28,2936,62.88,active
REC-1154,2025-01-15 05:00:00,Europe,Growth,95.13,2788,40.35,active
REC-1155,2025-01-15 07:00:00,Europe,Thematic,129.04,2778,58.16,active
REC-1156,2025-01-15 09:00:00,US,Thematic,113.14,2803,54.69,active
REC-1157,2025-01-15 11:00:00,Europe,Growth,116.99,2317,69.43,closed
REC-1158,2025-01-15 13:00:00,US,Income,92.28,387,,active
REC-1159,2025-01-15 15:00:00,Europe,Income,85.64,2883,86.41,active
REC-1160,2025-01-15 17:00:00,US,Core,97.47,2809,70.99,active
REC-1161,2025-01-15 19:00:00,Europe,Growth,105.91,1786,58.4,active
REC-1162,2025-01-15 21:00:00,US,Core,96.47,1128,97.02,paused
REC-1163,2024-11-15 09:00:00,Europe,Growth,98.99,2000,74.58,active
REC-1164,2025-01-16 01:00:00,Europe,Core,117.38,2811,68.26,active
REC-1165,2025-01-16 03:00:00,Europe,Core,106.79,573,68.28,active
REC-1166,2025-01-16 05:00:00,US,Thematic,86.26,938,56.3,active
REC-1167,2025-01-16 07:00:00,Asia,Income,95.15,2479,78.18,paused
REC-1168,2025-01-16 09:00:00,US,,91.48,2324,75.3,active
REC-1169,2025-01-16 11:00:00,US,Core,104.9,1012,88.67,closed
REC-1170,2025-01-16 13:00:00,Europe,Growth,83.32,2771,83.33,paused
REC-1171,2025-01-16 15:00:00,US,Core,99.14,1968,80.77,active
REC-1172,2025-01-16 17:00:00,US,Growth,113.08,1183,85.07,active
REC-1173,2025-01-16 19:00:00,Europe,Income,102.46,12,68.11,active
REC-1174,2024-11-15 09:00:00,Europe,Income,87.38,2996,,closed
REC-1175,2025-01-16 23:00:00,Europe,Thematic,92.14,1393,70.71,active
REC-1176,2025-01-17 01:00:00,Asia,Core,103.99,1760,57.56,active
REC-1177,2025-01-17 03:00:00,Europe,Income,109.73,2157,69.7,active
REC-1178,2025-01-17 05:00:00,US,Core,115.39,3163,67.66,paused
REC-1179,2025-01-17 07:00:00,Europe,Growth,99.68,-9,,closed
REC-1180,2025-01-17 09:00:00,US,Core,80.92,2403,71.15,active
REC-1181,2025-01-17 11:00:00,Europe,Growth,124.8,1975,50.33,unknown
REC-1182,2025-01-17 13:00:00,US,Growth,,2095,71.66,closed
REC-1183,2025-01-17 15:00:00,US,Growth,108.5,885,86.92,active
REC-1184,2025-01-17 17:00:00,Asia,Growth,106.89,1902,51.16,closed
REC-1185,2025-01-17 19:00:00,Europe,Income,85.4,2292,63.01,active
REC-1186,2025-01-17 21:00:00,Europe,Growth,96.89,1193,71.55,active
REC-1187,2025-01-17 23:00:00,Europe,Growth,106.12,2315,56.79,active
REC-1188,2025-01-18 01:00:00,Europe,Core,118.52,2355,65.34,active
REC-1189,2025-01-18 03:00:00,US,Core,102.96,-20,72.01,active
REC-1190,2025-01-18 05:00:00,Europe,Income,52.08,2679,56.89,paused
REC-1191,2025-01-18 07:00:00,US,Thematic,98.14,1322,74.65,active
REC-1192,2025-01-18 09:00:00,Europe,Growth,107.64,1327,75.93,active
REC-1193,2025-01-18 11:00:00,Asia,Thematic,122.7,536,57.48,closed
REC-1194,2025-01-18 13:00:00,Europe,Thematic,113.38,2471,71.74,active
REC-1195,2025-01-18 15:00:00,Asia,Core,,1950,83.33,active
REC-1196,2025-01-18 17:00:00,Europe,Core,124.79,1756,69.53,paused
REC-1197,2025-01-18 19:00:00,Asia,Income,123.56,186,76.27,active
REC-1198,2025-01-18 21:00:00,US,Core,117.08,2088,,active
REC-1199,2025-01-18 23:00:00,Asia,Thematic,79.88,3207,68.91,closed
REC-1200,2025-01-19 01:00:00,US,Growth,115.55,190,82.31,active
REC-1201,2025-01-19 03:00:00,US,Income,111.59,1237,75.75,active
REC-1202,2025-01-19 05:00:00,Europe,Income,93.58,1600,60.62,active
REC-1203,2025-01-19 07:00:00,US,Core,111.39,993,77.28,active
REC-1204,2024-11-15 09:00:00,US,Thematic,108.69,542,81.06,active
REC-1205,2025-01-19 11:00:00,Asia,Core,94.56,1580,80.41,active
REC-1206,2025-01-19 13:00:00,US,Core,100.03,3494,64.49,active
REC-1207,2025-01-19 15:00:00,Europe,Core,97.79,367,76.64,active
REC-1208,2025-01-19 17:00:00,US,Growth,105.69,621,86.69,closed
REC-1209,2025-01-19 19:00:00,Europe,Income,95.21,3095,74.14,paused
REC-1210,2025-01-19 21:00:00,Europe,Core,110.72,3147,84.65,active
REC-1211,2025-01-19 23:00:00,US,Income,71.32,3428,85.94,paused
REC-1212,2025-01-20 01:00:00,Europe,Core,97.49,338,71.24,active
REC-1213,2025-01-20 03:00:00,Asia,Income,75.05,2882,78.92,active
REC-1214,2025-01-20 05:00:00,US,Core,94.27,2162,68.47,paused
REC-1215,2025-01-20 07:00:00,US,Core,110.27,2010,83.42,active
REC-1216,2025-01-20 09:00:00,US,Core,102.35,2968,70.68,active
REC-1217,2025-01-20 11:00:00,US,Growth,100.23,3292,65.64,closed
REC-1218,2025-01-20 13:00:00,Asia,Growth,103.1,2892,71.41,active
REC-1219,2025-01-20 15:00:00,US,Growth,127.11,1159,70.91,active
REC-1220,2025-01-20 17:00:00,Asia,Thematic,,2276,75.91,active
REC-1221,2025-01-20 19:00:00,Europe,Growth,116.2,1630,76.84,active
REC-1222,2025-01-20 21:00:00,US,Growth,77.8,1664,58.91,paused
REC-1223,2025-01-20 23:00:00,US,Growth,94.52,604,64.56,paused
REC-1224,2025-01-21 01:00:00,US,Income,104.62,1599,75.7,active
REC-1225,2025-01-21 03:00:00,Europe,Growth,88.37,1489,77.04,active
REC-1226,2025-01-21 05:00:00,Europe,Income,485.75999999999993,68,72.7,active
REC-1227,2025-01-21 07:00:00,US,Thematic,113.66,3246,100.74,active
REC-1228,2025-01-21 09:00:00,US,Growth,82.9,1523,84.09,paused
REC-1229,2025-01-21 11:00:00,Asia,Growth,100.76,2323,70.96,active
REC-1230,2025-01-21 13:00:00,Europe,Core,95.97,372,79.83,active
REC-1231,2025-01-21 15:00:00,US,Thematic,70.95,1912,86.55,active
REC-1232,2025-01-21 17:00:00,US,Income,99.01,2239,75.87,paused
REC-1233,2025-01-21 19:00:00,Europe,Income,89.24,1878,52.66,unknown
REC-1234,2025-01-21 21:00:00,Asia,Core,123.43,1758,72.95,closed
REC-1235,2025-01-21 23:00:00,US,Growth,87.99,2224,72.45,active
REC-1236,2025-01-22 01:00:00,US,Thematic,129.19,2934,95.37,active
REC-1237,2025-01-22 03:00:00,US,Core,93.46,2136,51.71,active
REC-1238,2025-01-22 05:00:00,Europe,Income,133.01,12,88.95,active
REC-1239,2025-01-22 07:00:00,US,Growth,,1586,70.24,paused
REC-1240,2025-01-22 09:00:00,US,Core,109.26,1461,82.22,active
REC-1241,2025-01-22 11:00:00,US,Growth,114.89,1790,68.77,active
REC-1242,2025-01-22 13:00:00,US,Core,116.44,2471,73.93,unknown
REC-1243,2025-01-22 15:00:00,Europe,Income,,359,84.46,active
REC-1244,2025-01-22 17:00:00,Europe,Income,129.72,2845,72.96,active
REC-1245,2025-01-22 19:00:00,US,Core,96.45,1554,83.64,active
REC-1246,2025-01-22 21:00:00,US,Core,82.0,1815,71.16,active
REC-1247,2025-01-22 23:00:00,US,Income,59.25,2363,67.55,paused
REC-1248,2025-01-23 01:00:00,Asia,Core,95.8,1750,69.66,active
REC-1249,2025-01-23 03:00:00,Asia,,114.16,785,66.55,active
REC-1250,2025-01-23 05:00:00,US,Income,108.05,1488,70.77,paused
REC-1251,2025-01-23 07:00:00,Asia,Growth,103.84,972,87.08,active
REC-1252,2025-01-23 09:00:00,Asia,Core,96.4,434,59.23,active
REC-1253,2025-01-23 11:00:00,US,Thematic,91.76,2817,53.85,closed
REC-1254,2025-01-23 13:00:00,Europe,Income,,1986,71.92,active
REC-1255,2025-01-23 15:00:00,US,Growth,108.22,479,90.66,active
REC-1256,2025-01-23 17:00:00,US,Core,73.77,993,83.66,paused
REC-1257,2025-01-23 19:00:00,Europe,Growth,113.66,688,86.7,active
REC-1258,2025-01-23 21:00:00,US,Growth,78.66,1754,85.92,paused
REC-1259,2024-11-15 09:00:00,Europe,Core,99.47,2865,64.15,active
REC-1260,2025-01-24 01:00:00,Asia,Core,,2236,73.48,active
REC-1261,2025-01-24 03:00:00,Asia,Core,96.09,427,,active
REC-1262,2025-01-24 05:00:00,US,Core,85.24,2561,65.49,paused
REC-1263,2025-01-24 07:00:00,US,Core,83.51,1055,78.89,active
REC-1264,2025-01-24 09:00:00,Asia,Income,98.27,2568,55.09,active
REC-1265,2025-01-24 11:00:00,Asia,Growth,84.59,3186,49.55,active
REC-1266,2025-01-24 13:00:00,Asia,Growth,141.28,1778,57.94,active
REC-1267,2025-01-24 15:00:00,Europe,Income,95.26,1448,,active
REC-1268,2025-01-24 17:00:00,Europe,Core,91.41,3471,85.1,active
REC-1269,2025-01-24 19:00:00,US,Growth,93.11,2862,100.74,active
REC-1270,2025-01-24 21:00:00,US,Core,84.76,2633,88.04,paused
REC-1271,2025-01-24 23:00:00,US,Growth,62.6,2677,55.64,active
REC-1272,2025-01-25 01:00:00,Europe,Core,97.8,2010,46.81,active
REC-1273,2025-01-25 03:00:00,US,Core,106.86,74,74.0,paused
REC-1274,2025-01-25 05:00:00,Europe,Core,77.83,2066,84.03,active
REC-1275,2024-11-15 09:00:00,Europe,Growth,101.98,772,54.6,active
REC-1276,2024-11-15 09:00:00,US,Income,82.53,3280,66.67,active
REC-1277,2025-01-25 11:00:00,Asia,Core,101.31,3191,67.49,paused
REC-1278,2025-01-25 13:00:00,US,,107.63,3044,72.84,active
REC-1279,2025-01-25 15:00:00,Europe,Core,109.65,1127,70.51,paused
REC-1280,2025-01-25 17:00:00,US,Core,108.84,2990,78.2,active
REC-1281,2025-01-25 19:00:00,Asia,Growth,90.61,1416,84.18,active
REC-1282,2025-01-25 21:00:00,Europe,Core,115.96,1907,73.35,active
REC-1283,2025-01-25 23:00:00,US,Growth,94.7,3272,80.84,paused
REC-1284,2025-01-26 01:00:00,US,Growth,107.47,1865,94.53,active
REC-1285,2025-01-26 03:00:00,Europe,Income,113.14,-3,61.38,paused
REC-1286,2025-01-26 05:00:00,US,Core,97.0,2575,61.12,active
REC-1287,2025-01-26 07:00:00,US,Income,81.31,3400,78.26,active
REC-1288,2025-01-26 09:00:00,US,Growth,111.68,925,93.06,active
REC-1289,2025-01-26 11:00:00,US,Growth,83.99,2265,74.54,active
REC-1290,2024-11-15 09:00:00,Europe,Core,87.61,1885,84.74,active
REC-1291,2025-01-26 15:00:00,Europe,Thematic,84.22,2201,69.35,active
REC-1292,2025-01-26 17:00:00,Asia,Core,115.34,2795,82.83,paused
REC-1293,2025-01-26 19:00:00,Asia,Growth,99.25,7,65.88,active
REC-1294,2025-01-26 21:00:00,Asia,Growth,65.88,3111,80.21,active
REC-1295,2025-01-26 23:00:00,Europe,Thematic,113.62,2209,77.16,closed
REC-1296,2025-01-27 01:00:00,Europe,Growth,134.99,1116,77.17,active
REC-1297,2025-01-27 03:00:00,Europe,Thematic,130.66,2878,,active
REC-1298,2025-01-27 05:00:00,US,Core,92.77,2178,84.63,paused
REC-1299,2025-01-27 07:00:00,US,Income,103.09,1382,66.32,active
REC-1300,2025-01-27 09:00:00,US,Growth,109.99,2949,82.67,active
REC-1301,2025-01-27 11:00:00,Europe,Growth,116.14,260,54.27,active
REC-1302,2025-01-27 13:00:00,US,Growth,102.4,1496,83.86,active
REC-1303,2025-01-27 15:00:00,US,Growth,84.33,466,103.26,active
REC-1304,2025-01-27 17:00:00,Europe,Core,113.92,2702,78.87,active
REC-1305,2025-01-27 19:00:00,Europe,Income,111.68,276,78.65,active
REC-1306,2025-01-27 21:00:00,US,Core,80.55,547,73.79,active
REC-1307,2025-01-27 23:00:00,US,Growth,95.96,1455,82.28,active
REC-1308,2025-01-28 01:00:00,Europe,Growth,106.13,3117,68.19,active
REC-1309,2025-01-28 03:00:00,US,Core,101.78,2860,80.56,paused
REC-1310,2025-01-28 05:00:00,US,Growth,110.22,3255,,active
REC-1311,2025-01-28 07:00:00,Europe,Income,114.55,210,,active
REC-1312,2025-01-28 09:00:00,Europe,Core,110.49,2878,74.63,active
REC-1313,2025-01-28 11:00:00,Asia,Core,99.98,1423,72.63,active
REC-1314,2025-01-28 13:00:00,US,Core,80.23,2460,54.21,active
REC-1315,2025-01-28 15:00:00,Europe,Growth,111.67,1405,96.16,closed
REC-1316,2025-01-28 17:00:00,US,Core,124.23,3021,74.88,active
REC-1317,2025-01-28 19:00:00,US,Core,133.42,1396,54.69,active
REC-1318,2025-01-28 21:00:00,Europe,Growth,101.28,1030,85.21,active
REC-1319,2025-01-28 23:00:00,US,Growth,101.24,1845,73.05,paused
REC-1320,2025-01-29 01:00:00,US,Core,124.95,65,75.62,active
REC-1321,2025-01-29 03:00:00,US,Thematic,124.82,1875,81.15,active
REC-1322,2025-01-29 05:00:00,US,Core,107.25,1980,63.53,paused
REC-1323,2024-11-15 09:00:00,US,Growth,113.2,718,40.99,paused
REC-1324,2025-01-29 09:00:00,Europe,Core,89.61,471,72.28,active
REC-1325,2025-01-29 11:00:00,Asia,Growth,111.14,2781,76.04,active
REC-1326,2025-01-29 13:00:00,US,Growth,88.57,2963,84.41,closed
REC-1327,2025-01-29 15:00:00,US,Core,99.46,1812,65.05,active
REC-1328,2025-01-29 17:00:00,Europe,Growth,,475,,active
REC-1329,2025-01-29 19:00:00,US,Growth,485.75999999999993,1235,77.77,active
REC-1330,2025-01-29 21:00:00,US,Growth,67.99,3181,69.9,paused
REC-1331,2025-01-29 23:00:00,US,Income,88.56,3374,70.63,active
REC-1332,2025-01-30 01:00:00,US,Core,107.11,608,76.18,active
REC-1333,2025-01-30 03:00:00,US,Core,100.8,2471,62.42,active
REC-1334,2025-01-30 05:00:00,Europe,Core,95.48,3233,90.8,active
REC-1335,2025-01-30 07:00:00,Europe,Core,108.63,574,63.23,active
REC-1336,2025-01-30 09:00:00,Europe,Growth,,2413,73.77,active
REC-1337,2025-01-30 11:00:00,Asia,Growth,115.33,3392,69.75,paused
REC-1338,2025-01-30 13:00:00,US,Core,88.85,356,65.58,active
REC-1339,2025-01-30 15:00:00,Europe,Core,102.1,2026,79.25,active
REC-1340,2025-01-30 17:00:00,US,Growth,96.4,1030,84.48,active
REC-1341,2025-01-30 19:00:00,US,Core,87.69,1194,89.37,paused
REC-1342,2025-01-30 21:00:00,Asia,Growth,77.8,1087,79.76,active
REC-1343,2025-01-30 23:00:00,Europe,Income,100.17,834,68.42,active
REC-1344,2025-01-31 01:00:00,Asia,Growth,87.77,570,82.84,paused
REC-1345,2025-01-31 03:00:00,Asia,Core,136.19,242,57.45,active
REC-1346,2025-01-31 05:00:00,Asia,Growth,100.16,2076,73.87,active
REC-1347,2025-01-31 07:00:00,US,Thematic,98.14,857,79.07,paused
REC-1348,2025-01-31 09:00:00,US,Core,95.37,2202,79.52,active
REC-1349,2025-01-31 11:00:00,US,Income,131.74,1015,60.63,active
REC-1350,2025-01-31 13:00:00,US,Growth,86.66,1575,56.81,active
REC-1351,2025-01-31 15:00:00,Europe,Growth,99.16,1207,91.54,active
REC-1352,2025-01-31 17:00:00,US,Growth,89.42,472,67.62,paused
REC-1353,2025-01-31 19:00:00,Europe,Core,99.74,3457,55.11,closed
REC-1354,2025-01-31 21:00:00,Europe,Growth,101.16,2218,59.58,active
REC-1355,2025-01-31 23:00:00,US,Core,119.32,2075,73.34,active
REC-1356,2025-02-01 01:00:00,Europe,,79.07,1066,86.15,active
REC-1357,2025-02-01 03:00:00,US,Income,101.4,676,73.12,active
REC-1358,2025-02-01 05:00:00,US,Growth,127.59,219,86.34,active
REC-1359,2024-11-15 09:00:00,Europe,Growth,93.57,1300,75.61,active
REC-1360,2025-02-01 09:00:00,Europe,Growth,98.89,2757,,active
REC-1361,2025-02-01 11:00:00,US,Thematic,87.54,1516,83.91,paused
REC-1362,2025-02-01 13:00:00,US,Core,59.84,297,68.93,active
REC-1363,2025-02-01 15:00:00,Asia,Core,100.06,295,,active
REC-1364,2025-02-01 17:00:00,US,Growth,120.54,2428,68.77,active
REC-1365,2025-02-01 19:00:00,US,Income,94.25,1642,66.01,active
REC-1366,2025-02-01 21:00:00,US,Income,,1157,80.22,active
REC-1367,2025-02-01 23:00:00,US,Growth,105.99,1781,63.95,paused
REC-1368,2025-02-02 01:00:00,Asia,Core,102.99,66,73.85,active
REC-1369,2025-02-02 03:00:00,US,Income,117.74,3184,64.25,active
REC-1370,2025-02-02 05:00:00,Asia,Growth,116.3,1482,71.96,active
REC-1371,2025-02-02 07:00:00,US,Core,97.41,1519,67.12,active
REC-1372,2025-02-02 09:00:00,US,Income,108.13,340,84.94,active
REC-1373,2025-02-02 11:00:00,Europe,Growth,72.94,2411,73.76,active
REC-1374,2025-02-02 13:00:00,US,Core,,2252,73.71,active
REC-1375,2025-02-02 15:00:00,US,Core,104.7,2380,90.97,unknown
REC-1376,2025-02-02 17:00:00,US,Growth,119.09,1182,40.96,active
REC-1377,2025-02-02 19:00:00,US,Core,118.73,616,60.48,active
REC-1378,2025-02-02 21:00:00,US,Growth,,2585,42.57,active
REC-1379,2025-02-02 23:00:00,US,Thematic,,1987,72.6,active
REC-1380,2025-02-03 01:00:00,Asia,Growth,87.73,1713,77.47,active
REC-1381,2025-02-03 03:00:00,US,Core,68.67,1574,79.7,paused
REC-1382,2025-02-03 05:00:00,US,Growth,99.62,3189,75.55,active
REC-1383,2025-02-03 07:00:00,Europe,Thematic,104.19,573,62.98,closed
REC-1384,2025-02-03 09:00:00,Asia,Thematic,84.36,2323,91.83,active
REC-1385,2025-02-03 11:00:00,US,Income,113.12,88,75.88,closed
REC-1386,2025-02-03 13:00:00,US,Thematic,103.3,924,69.64,closed
REC-1387,2025-02-03 15:00:00,Europe,Income,108.99,3485,60.15,active
REC-1388,2025-02-03 17:00:00,Europe,Income,89.41,585,77.09,active
REC-1389,2025-02-03 19:00:00,Europe,Growth,73.5,321,67.04,active
REC-1390,2025-02-03 21:00:00,US,Core,114.17,1469,67.48,active
REC-1391,2025-02-03 23:00:00,US,Income,111.5,3103,74.69,paused
REC-1392,2025-02-04 01:00:00,Europe,Income,99.97,2170,74.79,active
REC-1393,2025-02-04 03:00:00,Europe,Thematic,94.99,1286,63.35,active
REC-1394,2025-02-04 05:00:00,Asia,Core,485.75999999999993,2622,86.15,active
REC-1395,2025-02-04 07:00:00,Europe,Thematic,99.54,290,61.33,active
REC-1396,2025-02-04 09:00:00,US,Core,93.59,3483,60.05,active
REC-1397,2025-02-04 11:00:00,US,Thematic,69.55,3376,,active
REC-1398,2025-02-04 13:00:00,Asia,Thematic,114.28,311,73.71,active
REC-1399,2025-02-04 15:00:00,Europe,Core,,2312,73.07,paused
REC-1400,2025-02-04 17:00:00,Europe,Core,96.4,2265,67.76,active
REC-1401,2025-02-04 19:00:00,Europe,Thematic,96.82,1418,72.74,active
REC-1402,2025-02-04 21:00:00,US,Thematic,105.91,1815,66.07,active
REC-1403,2025-02-04 23:00:00,US,Income,75.92,2933,54.12,active
REC-1404,2025-02-05 01:00:00,Europe,Core,121.05,2269,80.34,paused
REC-1405,2025-02-05 03:00:00,Europe,Core,112.24,2478,61.1,active
REC-1406,2025-02-05 05:00:00,Europe,Core,114.08,418,69.72,paused
REC-1407,2025-02-05 07:00:00,Asia,Thematic,122.04,1457,80.27,active
REC-1408,2025-02-05 09:00:00,Asia,,89.0,2734,72.49,active
REC-1409,2025-02-05 11:00:00,US,Growth,51.62,2513,102.39,active
REC-1410,2025-02-05 13:00:00,US,Income,107.12,883,56.82,paused
REC-1411,2025-02-05 15:00:00,Asia,,122.81,2583,63.98,active
REC-1412,2025-02-05 17:00:00,US,Core,120.43,2871,73.17,active
REC-1413,2025-02-05 19:00:00,Asia,Thematic,93.27,606,87.12,active
REC-1414,2025-02-05 21:00:00,US,Core,100.39,3355,69.46,active
REC-1415,2025-02-05 23:00:00,US,Core,106.44,2508,56.44,paused
REC-1416,2025-02-06 01:00:00,Europe,Core,72.95,2214,84.75,paused
REC-1417,2025-02-06 03:00:00,Asia,Core,91.21,3208,62.03,paused
REC-1418,2025-02-06 05:00:00,Asia,Growth,91.71,694,69.98,active
REC-1419,2025-02-06 07:00:00,US,Core,127.24,2408,81.85,active
REC-1420,2025-02-06 09:00:00,Europe,Growth,,2105,64.79,active
REC-1421,2025-02-06 11:00:00,Europe,Core,,2798,67.17,active
REC-1422,2025-02-06 13:00:00,US,Income,102.14,881,77.5,active
REC-1423,2025-02-06 15:00:00,Asia,Core,75.11,3464,69.89,active
REC-1424,2025-02-06 17:00:00,Europe,Core,137.43,3116,75.27,active
REC-1425,2025-02-06 19:00:00,Asia,Core,86.41,2788,61.7,active
REC-1426,2025-02-06 21:00:00,US,Growth,111.87,1462,70.8,active
REC-1427,2025-02-06 23:00:00,Europe,Income,129.29,1646,60.09,paused
REC-1428,2025-02-07 01:00:00,US,Income,93.44,2709,54.96,active
REC-1429,2025-02-07 03:00:00,Europe,Income,82.31,1969,91.4,paused
REC-1430,2025-02-07 05:00:00,Europe,Income,,1499,77.08,active
REC-1431,2025-02-07 07:00:00,Europe,Growth,103.05,2685,82.16,active
REC-1432,2025-02-07 09:00:00,US,Growth,82.36,1607,61.42,active
REC-1433,2024-11-15 09:00:00,Europe,Core,84.7,2215,71.75,active
REC-1434,2025-02-07 13:00:00,US,Thematic,95.77,319,69.8,active
REC-1435,2025-02-07 15:00:00,Asia,Growth,117.42,-13,56.43,active
REC-1436,2025-02-07 17:00:00,Europe,Income,97.41,758,78.07,active
REC-1437,2025-02-07 19:00:00,Europe,Core,112.47,-12,64.11,active
REC-1438,2024-11-15 09:00:00,US,Growth,128.44,733,69.82,active
REC-1439,2025-02-07 23:00:00,US,Core,122.31,957,55.36,active
REC-1440,2025-02-08 01:00:00,Asia,Growth,125.0,2267,82.97,active
REC-1441,2025-02-08 03:00:00,US,Income,121.71,2864,80.4,paused
REC-1442,2025-02-08 05:00:00,Asia,Growth,76.26,1026,76.36,closed
REC-1443,2025-02-08 07:00:00,Europe,Income,121.57,779,62.04,active
REC-1444,2025-02-08 09:00:00,Asia,Core,107.26,1368,66.12,closed
REC-1445,2025-02-08 11:00:00,US,Growth,100.01,1119,85.49,paused
REC-1446,2024-11-15 09:00:00,Asia,Growth,84.65,75,69.0,closed
REC-1447,2025-02-08 15:00:00,Europe,Growth,76.58,2881,74.98,active
REC-1448,2025-02-08 17:00:00,Europe,Core,84.22,2592,73.59,paused
REC-1449,2025-02-08 19:00:00,Europe,Income,101.66,455,59.74,paused
REC-1450,2025-02-08 21:00:00,Europe,Thematic,83.2,3077,88.81,active
REC-1451,2025-02-08 23:00:00,US,Income,88.94,983,50.22,active
REC-1452,2025-02-09 01:00:00,Europe,Core,92.13,750,74.51,active
REC-1453,2025-02-09 03:00:00,US,Growth,112.66,901,71.08,active
REC-1454,2025-02-09 05:00:00,US,Growth,97.28,183,54.25,paused
REC-1455,2025-02-09 07:00:00,Europe,Growth,99.67,170,75.7,active
REC-1456,2025-02-09 09:00:00,Europe,Core,123.22,1303,77.77,active
REC-1457,2025-02-09 11:00:00,Asia,Income,96.86,2600,72.61,active
REC-1458,2025-02-09 13:00:00,US,Growth,485.75999999999993,3282,62.94,active
REC-1459,2024-11-15 09:00:00,Asia,Thematic,85.08,1125,76.99,paused
REC-1460,2025-02-09 17:00:00,Asia,Core,107.27,237,84.31,active
REC-1461,2025-02-09 19:00:00,Asia,Growth,103.91,1429,74.48,paused
REC-1462,2025-02-09 21:00:00,Asia,Growth,104.81,1136,91.01,closed
REC-1463,2025-02-09 23:00:00,US,Income,94.54,1168,81.5,active
REC-1464,2025-02-10 01:00:00,US,Income,85.51,93,80.51,closed
REC-1465,2025-02-10 03:00:00,US,Core,97.21,235,87.34,active
REC-1466,2025-02-10 05:00:00,US,Core,94.51,786,64.78,active
REC-1467,2024-11-15 09:00:00,US,Income,118.53,2957,66.32,paused
REC-1468,2025-02-10 09:00:00,US,Growth,116.53,157,77.72,active
REC-1469,2025-02-10 11:00:00,US,,82.77,475,77.77,active
REC-1470,2025-02-10 13:00:00,Asia,,112.04,2785,88.66,active
REC-1471,2025-02-10 15:00:00,US,,94.32,1002,84.66,active
REC-1472,2025-02-10 17:00:00,Europe,Growth,109.34,141,73.99,active
REC-1473,2025-02-10 19:00:00,US,Growth,94.3,2524,,active
REC-1474,2025-02-10 21:00:00,Europe,Thematic,78.45,669,69.05,active
REC-1475,2025-02-10 23:00:00,Asia,Core,118.26,1222,68.08,active
REC-1476,2025-02-11 01:00:00,US,Thematic,109.24,317,67.14,active
REC-1477,2025-02-11 03:00:00,Europe,Thematic,82.39,1776,82.06,paused
REC-1478,2025-02-11 05:00:00,US,Income,71.74,2675,66.95,paused
REC-1479,2025-02-11 07:00:00,US,Income,93.45,1159,68.24,active
REC-1390,2025-02-03 21:00:00,US,Core,114.17,1469,67.48,active
REC-1209,2025-01-19 19:00:00,Europe,Income,95.21,3095,74.14,paused
REC-1179,2025-01-17 07:00:00,Europe,Growth,99.68,-9,,closed
REC-1235,2025-01-21 23:00:00,US,Growth,87.99,2224,72.45,active
REC-1193,2025-01-18 11:00:00,Asia,Thematic,122.7,536,57.48,closed
REC-1144,2025-01-14 09:00:00,Europe,Income,133.32,3438,77.47,paused
REC-1010,2025-01-03 05:00:00,US,Thematic,89.94,2044,74.44,active
REC-1470,2025-02-10 13:00:00,Asia,,112.04,2785,88.66,active
REC-1012,2025-01-03 09:00:00,Europe,Income,108.6,1126,49.04,active
REC-1216,2025-01-20 09:00:00,US,Core,102.35,2968,70.68,active
REC-1434,2025-02-07 13:00:00,US,Thematic,95.77,319,69.8,active
REC-1225,2025-01-21 03:00:00,Europe,Growth,88.37,1489,77.04,active
REC-1361,2025-02-01 11:00:00,US,Thematic,87.54,1516,83.91,paused
REC-1461,2025-02-09 19:00:00,Asia,Growth,103.91,1429,74.48,paused
